BioSample	Title	tissue	genotype
SAMN01921661	Zea mays, Yu796_NS RNAseq		
SAMN01921660	Zea mays, YONG_28 RNAseq		
SAMN01921659	Zea mays, YING-55 RNAseq		
SAMN01921658	Zea mays, YELLOW_3-4 RNAseq		
SAMN01921657	Zea mays, YE-CHI-HUNG RNAseq		
SAMN01921656	Zea mays, YE_4 RNAseq		
SAMN01921655	Zea mays, YANG RNAseq		
SAMN01921654	Zea mays, WXB6 RNAseq		
SAMN01921653	Zea mays, WU-TAN-TZAO RNAseq		
SAMN01921652	Zea mays, WR3 RNAseq		
SAMN01921651	Zea mays, WD RNAseq		
SAMN01921650	Zea mays, W9 RNAseq		
SAMN01921649	Zea mays, W85 RNAseq		
SAMN01921648	Zea mays, W821G RNAseq		
SAMN01921647	Zea mays, W820G RNAseq		
SAMN01921646	Zea mays, W819G RNAseq		
SAMN01921645	Zea mays, W818G RNAseq		
SAMN01921644	Zea mays, W817G RNAseq		
SAMN01921643	Zea mays, W816G RNAseq		
SAMN01921642	Zea mays, W815G RNAseq		
SAMN01921641	Zea mays, W814G RNAseq		
SAMN01921640	Zea mays, W813G RNAseq		
SAMN01921639	Zea mays, W812G RNAseq		
SAMN01921638	Zea mays, W811G RNAseq		
SAMN01921637	Zea mays, W810G RNAseq		
SAMN01921636	Zea mays, W809G RNAseq		
SAMN01921635	Zea mays, W803G RNAseq		
SAMN01921634	Zea mays, W802G RNAseq		
SAMN01921633	Zea mays, W703 RNAseq		
SAMN01921632	Zea mays, W701BC RNAseq		
SAMN01921631	Zea mays, W64A RNAseq		
SAMN01921630	Zea mays, W612S RNAseq		
SAMN01921629	Zea mays, W611S RNAseq		
SAMN01921628	Zea mays, W610S RNAseq		
SAMN01921627	Zea mays, W609S RNAseq		
SAMN01921626	Zea mays, W608S RNAseq		
SAMN01921625	Zea mays, W607S RNAseq		
SAMN01921624	Zea mays, W606S RNAseq		
SAMN01921623	Zea mays, W605S RNAseq		
SAMN01921622	Zea mays, W604S RNAseq		
SAMN01921621	Zea mays, W603S RNAseq		
SAMN01921620	Zea mays, W601S RNAseq		
SAMN01921619	Zea mays, W59E RNAseq		
SAMN01921618	Zea mays, W552 RNAseq		
SAMN01921617	Zea mays, W37A RNAseq		
SAMN01921616	Zea mays, W32 RNAseq		
SAMN01921615	Zea mays, W24 RNAseq		
SAMN01921614	Zea mays, W23 RNAseq		
SAMN01921613	Zea mays, W22 RNAseq		
SAMN01921612	Zea mays, W182BN RNAseq		
SAMN01921611	Zea mays, W153R RNAseq		
SAMN01921610	Zea mays, W117Ht RNAseq		
SAMN01921609	Zea mays, W_7151 RNAseq		
SAMN01921608	Zea mays, VaW6 RNAseq		
SAMN01921607	Zea mays, Va99 RNAseq		
SAMN01921606	Zea mays, Va85 RNAseq		
SAMN01921605	Zea mays, Va52 RNAseq		
SAMN01921604	Zea mays, Va38 RNAseq		
SAMN01921603	Zea mays, Va14 RNAseq		
SAMN01921602	Zea mays, Va102 RNAseq		
SAMN01921601	Zea mays, U267Y RNAseq		
SAMN01921600	Zea mays, U_123 RNAseq		
SAMN01921599	Zea mays, TZU-CHIAO-HSI-WU_105 RNAseq		
SAMN01921598	Zea mays, Tx303 RNAseq		
SAMN01921597	Zea mays, Tr RNAseq		
SAMN01921596	Zea mays, T9 RNAseq		
SAMN01921595	Zea mays, T242 RNAseq		
SAMN01921594	Zea mays, T234 RNAseq		
SAMN01921593	Zea mays, T232 RNAseq		
SAMN01921592	Zea mays, T146 RNAseq		
SAMN01921591	Zea mays, T141 RNAseq		
SAMN01921590	Zea mays, Sg18 RNAseq		
SAMN01921589	Zea mays, Sg1533 RNAseq		
SAMN01921588	Zea mays, SG_30A RNAseq		
SAMN01921587	Zea mays, SD44 RNAseq		
SAMN01921586	Zea mays, SD42 RNAseq		
SAMN01921585	Zea mays, SD40 RNAseq		
SAMN01921584	Zea mays, SD15 RNAseq		
SAMN01921583	Zea mays, SD107 RNAseq		
SAMN01921582	Zea mays, SD102 RNAseq		
SAMN01921581	Zea mays, SD101 RNAseq		
SAMN01921580	Zea mays, S_56 RNAseq		
SAMN01921579	Zea mays, R78 RNAseq		
SAMN01921578	Zea mays, R71 RNAseq		
SAMN01921577	Zea mays, R53 RNAseq		
SAMN01921576	Zea mays, R4 RNAseq		
SAMN01921575	Zea mays, R30 RNAseq		
SAMN01921574	Zea mays, R229 RNAseq		
SAMN01921573	Zea mays, R227 RNAseq		
SAMN01921572	Zea mays, R226 RNAseq		
SAMN01921571	Zea mays, R225 RNAseq		
SAMN01921570	Zea mays, R197 RNAseq		
SAMN01921569	Zea mays, R181B RNAseq		
SAMN01921568	Zea mays, R177 RNAseq		
SAMN01921567	Zea mays, R168 RNAseq		
SAMN01921566	Zea mays, R134 RNAseq		
SAMN01921565	Zea mays, R113 RNAseq		
SAMN01921564	Zea mays, R101 RNAseq		
SAMN01921563	Zea mays, PHZ51 RNAseq		
SAMN01921562	Zea mays, PHW17 RNAseq		
SAMN01921561	Zea mays, PHV63 RNAseq		
SAMN01921560	Zea mays, PHT77 RNAseq		
SAMN01921559	Zea mays, PHT55 RNAseq		
SAMN01921558	Zea mays, PHR36 RNAseq		
SAMN01921557	Zea mays, PHN11 RNAseq		
SAMN01921556	Zea mays, PHK76 RNAseq		
SAMN01921555	Zea mays, PHJ40 RNAseq		
SAMN01921554	Zea mays, PHG80 RNAseq		
SAMN01921553	Zea mays, PHG72 RNAseq		
SAMN01921552	Zea mays, PHG50 RNAseq		
SAMN01921551	Zea mays, PHG47 RNAseq		
SAMN01921550	Zea mays, PHG39 RNAseq		
SAMN01921549	Zea mays, PHG35 RNAseq		
SAMN01921548	Zea mays, PHG29 RNAseq		
SAMN01921547	Zea mays, PHB09 RNAseq		
SAMN01921546	Zea mays, Pa891 RNAseq		
SAMN01921545	Zea mays, Pa880 RNAseq		
SAMN01921544	Zea mays, Pa778 RNAseq		
SAMN01921543	Zea mays, Pa762 RNAseq		
SAMN01921542	Zea mays, Pa468 RNAseq		
SAMN01921541	Zea mays, Pa405 RNAseq		
SAMN01921540	Zea mays, Pa392 RNAseq		
SAMN01921539	Zea mays, P39 RNAseq		
SAMN01921538	Zea mays, Os426 RNAseq		
SAMN01921537	Zea mays, Os420 RNAseq		
SAMN01921536	Zea mays, Oh7B RNAseq		
SAMN01921535	Zea mays, Oh7 RNAseq		
SAMN01921534	Zea mays, Oh43 RNAseq		
SAMN01921533	Zea mays, Oh40B RNAseq		
SAMN01921532	Zea mays, OH33 RNAseq		
SAMN01921531	Zea mays, OC19 RNAseq		
SAMN01921530	Zea mays, NY6371 RNAseq		
SAMN01921529	Zea mays, NY_159_(Neveh_Yaar) RNAseq		
SAMN01921528	Zea mays, NP87 RNAseq		
SAMN01921527	Zea mays, NO._380 RNAseq		
SAMN01921526	Zea mays, NKS8324 RNAseq		
SAMN01921525	Zea mays, NKH8431 RNAseq		
SAMN01921524	Zea mays, NK740 RNAseq		
SAMN01921523	Zea mays, ND283 RNAseq		
SAMN01921522	Zea mays, ND265 RNAseq		
SAMN01921521	Zea mays, ND262 RNAseq		
SAMN01921520	Zea mays, ND260 RNAseq		
SAMN01921519	Zea mays, ND251 RNAseq		
SAMN01921518	Zea mays, ND247 RNAseq		
SAMN01921517	Zea mays, ND246 RNAseq		
SAMN01921516	Zea mays, ND245 RNAseq		
SAMN01921515	Zea mays, ND230 RNAseq		
SAMN01921514	Zea mays, ND167 RNAseq		
SAMN01921513	Zea mays, ND101 RNAseq		
SAMN01921512	Zea mays, ND1 RNAseq		
SAMN01921511	Zea mays, NC472 RNAseq		
SAMN01921510	Zea mays, NC412 RNAseq		
SAMN01921509	Zea mays, NC358 RNAseq		
SAMN01921508	Zea mays, NC356 RNAseq		
SAMN01921507	Zea mays, NC344 RNAseq		
SAMN01921506	Zea mays, NC342 RNAseq		
SAMN01921505	Zea mays, NC340 RNAseq		
SAMN01921504	Zea mays, NC318 RNAseq		
SAMN01921503	Zea mays, NC298 RNAseq		
SAMN01921502	Zea mays, NC264 RNAseq		
SAMN01921501	Zea mays, NC250 RNAseq		
SAMN01921500	Zea mays, NC236 RNAseq		
SAMN01921499	Zea mays, NC232 RNAseq		
SAMN01921498	Zea mays, NC230 RNAseq		
SAMN01921497	Zea mays, NC222 RNAseq		
SAMN01921496	Zea mays, NC13 RNAseq		
SAMN01921495	Zea mays, N7A RNAseq		
SAMN01921494	Zea mays, N6 RNAseq		
SAMN01921493	Zea mays, N545 RNAseq		
SAMN01921492	Zea mays, N542 RNAseq		
SAMN01921491	Zea mays, N538 RNAseq		
SAMN01921490	Zea mays, N534 RNAseq		
SAMN01921489	Zea mays, N527 RNAseq		
SAMN01921488	Zea mays, N501 RNAseq		
SAMN01921487	Zea mays, N28Ht RNAseq		
SAMN01921486	Zea mays, N28E RNAseq		
SAMN01921485	Zea mays, N28 RNAseq		
SAMN01921484	Zea mays, N218 RNAseq		
SAMN01921483	Zea mays, N217 RNAseq		
SAMN01921482	Zea mays, N216 RNAseq		
SAMN01921481	Zea mays, N215 RNAseq		
SAMN01921480	Zea mays, N209 RNAseq		
SAMN01921479	Zea mays, N199 RNAseq		
SAMN01921478	Zea mays, N197 RNAseq		
SAMN01921477	Zea mays, N193 RNAseq		
SAMN01921476	Zea mays, Mt42 RNAseq		
SAMN01921475	Zea mays, MS72 RNAseq		
SAMN01921474	Zea mays, MS67 RNAseq		
SAMN01921473	Zea mays, MS24A RNAseq		
SAMN01921472	Zea mays, MS226 RNAseq		
SAMN01921471	Zea mays, MS225 RNAseq		
SAMN01921470	Zea mays, MS224 RNAseq		
SAMN01921469	Zea mays, MS223 RNAseq		
SAMN01921468	Zea mays, MS222 RNAseq		
SAMN01921467	Zea mays, MS221 RNAseq		
SAMN01921466	Zea mays, MS211 RNAseq		
SAMN01921465	Zea mays, MS153 RNAseq		
SAMN01921464	Zea mays, MS142 RNAseq		
SAMN01921463	Zea mays, MS132 RNAseq		
SAMN01921462	Zea mays, MS12 RNAseq		
SAMN01921461	Zea mays, MS116 RNAseq		
SAMN01921460	Zea mays, MS106 RNAseq		
SAMN01921459	Zea mays, Mp339 RNAseq		
SAMN01921458	Zea mays, MoG RNAseq		
SAMN01921457	Zea mays, Mo7 RNAseq		
SAMN01921456	Zea mays, Mo5 RNAseq		
SAMN01921455	Zea mays, Mo47 RNAseq		
SAMN01921454	Zea mays, Mo45 RNAseq		
SAMN01921453	Zea mays, Mo44 RNAseq		
SAMN01921452	Zea mays, Mo39 RNAseq		
SAMN01921451	Zea mays, Mo30W RNAseq		
SAMN01921450	Zea mays, Mo3 RNAseq		
SAMN01921449	Zea mays, Mo28W RNAseq		
SAMN01921448	Zea mays, Mo24W RNAseq		
SAMN01921447	Zea mays, Mo23W RNAseq		
SAMN01921446	Zea mays, Mo17 RNAseq		
SAMN01921445	Zea mays, Mo15W RNAseq		
SAMN01921444	Zea mays, MEF156-55-2 RNAseq		
SAMN01921443	Zea mays, M37W RNAseq		
SAMN01921442	Zea mays, M162W RNAseq		
SAMN01921441	Zea mays, M14 RNAseq		
SAMN01921440	Zea mays, LP5 RNAseq		
SAMN01921439	Zea mays, LH93 RNAseq		
SAMN01921438	Zea mays, LH82 RNAseq		
SAMN01921437	Zea mays, LH61 RNAseq		
SAMN01921436	Zea mays, LH60 RNAseq		
SAMN01921435	Zea mays, LH59 RNAseq		
SAMN01921434	Zea mays, LH39 RNAseq		
SAMN01921433	Zea mays, LH38 RNAseq		
SAMN01921432	Zea mays, LH149 RNAseq		
SAMN01921431	Zea mays, LH145 RNAseq		
SAMN01921430	Zea mays, LH143_(maintainer) RNAseq		
SAMN01921429	Zea mays, LH123HT RNAseq		
SAMN01921428	Zea mays, LH1 RNAseq		
SAMN01921427	Zea mays, L317 RNAseq		
SAMN01921426	Zea mays, L_289 RNAseq		
SAMN01921425	Zea mays, Ky228 RNAseq		
SAMN01921424	Zea mays, Ky226 RNAseq		
SAMN01921423	Zea mays, Ky21 RNAseq		
SAMN01921422	Zea mays, KUNG-70 RNAseq		
SAMN01921421	Zea mays, KO679Y RNAseq		
SAMN01921420	Zea mays, Ki43 RNAseq		
SAMN01921419	Zea mays, Ki3 RNAseq		
SAMN01921418	Zea mays, Ki21 RNAseq		
SAMN01921417	Zea mays, Ki11 RNAseq		
SAMN01921416	Zea mays, K64 RNAseq		
SAMN01921415	Zea mays, K55 RNAseq		
SAMN01921414	Zea mays, K47 RNAseq		
SAMN01921413	Zea mays, K41 RNAseq		
SAMN01921412	Zea mays, K4 RNAseq		
SAMN01921411	Zea mays, K201 RNAseq		
SAMN01921410	Zea mays, K155 RNAseq		
SAMN01921409	Zea mays, K150 RNAseq		
SAMN01921408	Zea mays, K148 RNAseq		
SAMN01921407	Zea mays, INBRED_309 RNAseq		
SAMN01921406	Zea mays, INBRED_305 RNAseq		
SAMN01921405	Zea mays, INBRED_141 RNAseq		
SAMN01921404	Zea mays, INBRED_109 RNAseq		
SAMN01921403	Zea mays, INBRED_100 RNAseq		
SAMN01921402	Zea mays, Il778d RNAseq		
SAMN01921401	Zea mays, Il14H RNAseq		
SAMN01921400	Zea mays, Il101T RNAseq		
SAMN01921399	Zea mays, IDS69 RNAseq		
SAMN01921398	Zea mays, IDS28 RNAseq		
SAMN01921397	Zea mays, Ia5125B RNAseq		
SAMN01921396	Zea mays, Ia 453 RNAseq		
SAMN01921395	Zea mays, I29 RNAseq		
SAMN01921394	Zea mays, I205 RNAseq		
SAMN01921393	Zea mays, I159 RNAseq		
SAMN01921392	Zea mays, Hy RNAseq		
SAMN01921391	Zea mays, HUOBAI RNAseq		
SAMN01921390	Zea mays, HUANYAO RNAseq		
SAMN01921389	Zea mays, HP72-11 RNAseq		
SAMN01921388	Zea mays, HP301 RNAseq		
SAMN01921387	Zea mays, Hi28 RNAseq		
SAMN01921386	Zea mays, Hi26 RNAseq		
SAMN01921385	Zea mays, H99 RNAseq		
SAMN01921384	Zea mays, H96 RNAseq		
SAMN01921383	Zea mays, H95 RNAseq		
SAMN01921382	Zea mays, H91 RNAseq		
SAMN01921381	Zea mays, H84 RNAseq		
SAMN01921380	Zea mays, H71 RNAseq		
SAMN01921379	Zea mays, H52 RNAseq		
SAMN01921378	Zea mays, H5 RNAseq		
SAMN01921377	Zea mays, H49 RNAseq		
SAMN01921376	Zea mays, H14 RNAseq		
SAMN01921375	Zea mays, H124w RNAseq		
SAMN01921374	Zea mays, H122w RNAseq		
SAMN01921373	Zea mays, H121 RNAseq		
SAMN01921372	Zea mays, H114 RNAseq		
SAMN01921371	Zea mays, H113 RNAseq		
SAMN01921370	Zea mays, H110 RNAseq		
SAMN01921369	Zea mays, GE54 RNAseq		
SAMN01921368	Zea mays, GE129 RNAseq		
SAMN01921367	Zea mays, G80 RNAseq		
SAMN01921366	Zea mays, G3_T5a RNAseq		
SAMN01921365	Zea mays, G22_T122 RNAseq		
SAMN01921364	Zea mays, FR19 RNAseq		
SAMN01921363	Zea mays, FC46 RNAseq		
SAMN01921362	Zea mays, F7 RNAseq		
SAMN01921361	Zea mays, F44 RNAseq		
SAMN01921360	Zea mays, F431 RNAseq		
SAMN01921359	Zea mays, F2834T RNAseq		
SAMN01921358	Zea mays, F115 RNAseq		
SAMN01921357	Zea mays, EP1 RNAseq		
SAMN01921356	Zea mays, Eng-Li_Chih RNAseq		
SAMN01921355	Zea mays, EAST_028 RNAseq		
SAMN01921354	Zea mays, E2558W RNAseq		
SAMN01921353	Zea mays, DKPB80 RNAseq		
SAMN01921352	Zea mays, DKMFD-13D RNAseq		
SAMN01921351	Zea mays, DKMBPM RNAseq		
SAMN01921350	Zea mays, DKMBNA RNAseq		
SAMN01921349	Zea mays, DKIB02 RNAseq		
SAMN01921348	Zea mays, DKIB014 RNAseq		
SAMN01921347	Zea mays, DKHBA1 RNAseq		
SAMN01921346	Zea mays, DKFBHJ RNAseq		
SAMN01921345	Zea mays, DK78371A RNAseq		
SAMN01921344	Zea mays, DK4676A RNAseq		
SAMN01921343	Zea mays, DE811 RNAseq		
SAMN01921342	Zea mays, DE4 RNAseq		
SAMN01921341	Zea mays, DE3 RNAseq		
SAMN01921340	Zea mays, CSJ3 RNAseq		
SAMN01921339	Zea mays, CR1HT RNAseq		
SAMN01921338	Zea mays, CR_22_INBRED RNAseq		
SAMN01921337	Zea mays, CO258 RNAseq		
SAMN01921336	Zea mays, CO257 RNAseq		
SAMN01921335	Zea mays, CO256 RNAseq		
SAMN01921334	Zea mays, CO255 RNAseq		
SAMN01921333	Zea mays, CO245 RNAseq		
SAMN01921332	Zea mays, CO237 RNAseq		
SAMN01921331	Zea mays, CO236 RNAseq		
SAMN01921330	Zea mays, CO216 RNAseq		
SAMN01921329	Zea mays, CO192 RNAseq		
SAMN01921328	Zea mays, CO158 RNAseq		
SAMN01921327	Zea mays, CO125 RNAseq		
SAMN01921326	Zea mays, CO117 RNAseq		
SAMN01921325	Zea mays, CO106 RNAseq		
SAMN01921324	Zea mays, CML 91 RNAseq		
SAMN01921323	Zea mays, CML 52 RNAseq		
SAMN01921322	Zea mays, CML 511  RNAseq		
SAMN01921321	Zea mays, CML 509 RNAseq		
SAMN01921320	Zea mays, CML 505 RNAseq		
SAMN01921319	Zea mays, CML 491 RNAseq		
SAMN01921318	Zea mays, CML 488 RNAseq		
SAMN01921317	Zea mays, CML 465 RNAseq		
SAMN01921316	Zea mays, CML 456 RNAseq		
SAMN01921315	Zea mays, CML 451 RNAseq		
SAMN01921314	Zea mays, CML 448 RNAseq		
SAMN01921313	Zea mays, CML 444 RNAseq		
SAMN01921312	Zea mays, CML 421 RNAseq		
SAMN01921311	Zea mays, CML 376 RNAseq		
SAMN01921310	Zea mays, CML 323 RNAseq		
SAMN01921309	Zea mays, CML 322 RNAseq		
SAMN01921308	Zea mays, CML 312 RNAseq		
SAMN01921307	Zea mays, CML 287 RNAseq		
SAMN01921306	Zea mays, CML 277 RNAseq		
SAMN01921305	Zea mays, CML 264 RNAseq		
SAMN01921304	Zea mays, CML 254 RNAseq		
SAMN01921303	Zea mays, CML 251 RNAseq		
SAMN01921302	Zea mays, CML 247 RNAseq		
SAMN01921301	Zea mays, CML 228 RNAseq		
SAMN01921300	Zea mays, CML 220 RNAseq		
SAMN01921299	Zea mays, CML 218 RNAseq		
SAMN01921298	Zea mays, CML 216 RNAseq		
SAMN01921297	Zea mays, CML 202 RNAseq		
SAMN01921296	Zea mays, CML 197 RNAseq		
SAMN01921295	Zea mays, CML 176 RNAseq		
SAMN01921294	Zea mays, CML 161 RNAseq		
SAMN01921293	Zea mays, CML 144 RNAseq		
SAMN01921292	Zea mays, CML 108 RNAseq		
SAMN01921291	Zea mays, CM99 RNAseq		
SAMN01921290	Zea mays, CM7 RNAseq		
SAMN01921289	Zea mays, CM48 RNAseq		
SAMN01921288	Zea mays, CM37 RNAseq		
SAMN01921287	Zea mays, CM174 RNAseq		
SAMN01921286	Zea mays, CM105 RNAseq		
SAMN01921285	Zea mays, CL27 RNAseq		
SAMN01921284	Zea mays, CL22 RNAseq		
SAMN01921283	Zea mays, CL18 RNAseq		
SAMN01921282	Zea mays, CL17 RNAseq		
SAMN01921281	Zea mays, CI91B RNAseq		
SAMN01921280	Zea mays, CI90C RNAseq		
SAMN01921279	Zea mays, CI64 RNAseq		
SAMN01921278	Zea mays, CI3A RNAseq		
SAMN01921277	Zea mays, CI31A RNAseq		
SAMN01921276	Zea mays, CI28A RNAseq		
SAMN01921275	Zea mays, CI21E RNAseq		
SAMN01921274	Zea mays, CI187-2 RNAseq		
SAMN01921273	Zea mays, CI_40H RNAseq		
SAMN01921272	Zea mays, Chi-tan_120 RNAseq		
SAMN01921271	Zea mays, CH9 RNAseq		
SAMN01921270	Zea mays, CH753-4 RNAseq		
SAMN01921269	Zea mays, CH701-30 RNAseq		
SAMN01921268	Zea mays, CH157 RNAseq		
SAMN01921267	Zea mays, CG65 RNAseq		
SAMN01921266	Zea mays, CG108 RNAseq		
SAMN01921265	Zea mays, CG106 RNAseq		
SAMN01921264	Zea mays, CG10 RNAseq		
SAMN01921263	Zea mays, C68 RNAseq		
SAMN01921262	Zea mays, C49A RNAseq		
SAMN01921261	Zea mays, C42 RNAseq		
SAMN01921260	Zea mays, C15 RNAseq		
SAMN01921259	Zea mays, C123 RNAseq		
SAMN01921258	Zea mays, C103 RNAseq		
SAMN01921257	Zea mays, C102 RNAseq		
SAMN01921256	Zea mays, B99 RNAseq		
SAMN01921255	Zea mays, B98 RNAseq		
SAMN01921254	Zea mays, B97 RNAseq		
SAMN01921253	Zea mays, B91 RNAseq		
SAMN01921252	Zea mays, B90 RNAseq		
SAMN01921251	Zea mays, B88 RNAseq		
SAMN01921250	Zea mays, B87 RNAseq		
SAMN01921249	Zea mays, B85 RNAseq		
SAMN01921248	Zea mays, B84 RNAseq		
SAMN01921247	Zea mays, B8 RNAseq		
SAMN01921246	Zea mays, B79 RNAseq		
SAMN01921245	Zea mays, B77 RNAseq		
SAMN01921244	Zea mays, B75 RNAseq		
SAMN01921243	Zea mays, B73 RNAseq		
SAMN01921242	Zea mays, B7 RNAseq		
SAMN01921241	Zea mays, B68 RNAseq		
SAMN01921240	Zea mays, B66 RNAseq		
SAMN01921239	Zea mays, B64 RNAseq		
SAMN01921238	Zea mays, B54 RNAseq		
SAMN01921237	Zea mays, B52 RNAseq		
SAMN01921236	Zea mays, B42 RNAseq		
SAMN01921235	Zea mays, B37 RNAseq		
SAMN01921234	Zea mays, B2 RNAseq		
SAMN01921233	Zea mays, B164 RNAseq		
SAMN01921232	Zea mays, B14A RNAseq		
SAMN01921231	Zea mays, B14 RNAseq		
SAMN01921230	Zea mays, B121 RNAseq		
SAMN01921229	Zea mays, B120 RNAseq		
SAMN01921228	Zea mays, B119 RNAseq		
SAMN01921227	Zea mays, B115 RNAseq		
SAMN01921226	Zea mays, B114 RNAseq		
SAMN01921225	Zea mays, B113 RNAseq		
SAMN01921224	Zea mays, B112 RNAseq		
SAMN01921223	Zea mays, B111 RNAseq		
SAMN01921222	Zea mays, B110 RNAseq		
SAMN01921221	Zea mays, B109 RNAseq		
SAMN01921220	Zea mays, B108 RNAseq		
SAMN01921219	Zea mays, B107 RNAseq		
SAMN01921218	Zea mays, B106 RNAseq		
SAMN01921217	Zea mays, B105 RNAseq		
SAMN01921216	Zea mays, B104 RNAseq		
SAMN01921215	Zea mays, B103 RNAseq		
SAMN01921214	Zea mays, B101 RNAseq		
SAMN01921213	Zea mays, B10 RNAseq		
SAMN01921212	Zea mays, B-28 RNAseq		
SAMN01921211	Zea mays, B-18_INBR.FR.SUPERGOLD RNAseq		
SAMN01921210	Zea mays, AusTRCF_306238 RNAseq		
SAMN01921209	Zea mays, AS5707 RNAseq		
SAMN01921208	Zea mays, AR228 RNAseq		
SAMN01921207	Zea mays, A797NW RNAseq		
SAMN01921206	Zea mays, A73 RNAseq		
SAMN01921205	Zea mays, A71 RNAseq		
SAMN01921204	Zea mays, A682 RNAseq		
SAMN01921203	Zea mays, A680 RNAseq		
SAMN01921202	Zea mays, A679 RNAseq		
SAMN01921201	Zea mays, A674 RNAseq		
SAMN01921200	Zea mays, A673 RNAseq		
SAMN01921199	Zea mays, A663 RNAseq		
SAMN01921198	Zea mays, A662 RNAseq		
SAMN01921197	Zea mays, A661 RNAseq		
SAMN01921196	Zea mays, A659 RNAseq		
SAMN01921195	Zea mays, A651 RNAseq		
SAMN01921194	Zea mays, A649 RNAseq		
SAMN01921193	Zea mays, A648 RNAseq		
SAMN01921192	Zea mays, A635 RNAseq		
SAMN01921191	Zea mays, A632 RNAseq		
SAMN01921190	Zea mays, A627 RNAseq		
SAMN01921189	Zea mays, A572 RNAseq		
SAMN01921188	Zea mays, A554 RNAseq		
SAMN01921187	Zea mays, A427 RNAseq		
SAMN01921186	Zea mays, A415-1-3_INBRED RNAseq		
SAMN01921185	Zea mays, A401 RNAseq		
SAMN01921184	Zea mays, A385 RNAseq		
SAMN01921183	Zea mays, A374 RNAseq		
SAMN01921182	Zea mays, A340 RNAseq		
SAMN01921181	Zea mays, A334 RNAseq		
SAMN01921180	Zea mays, A322 RNAseq		
SAMN01921179	Zea mays, A321 RNAseq		
SAMN01921178	Zea mays, A305 RNAseq		
SAMN01921177	Zea mays, A258 RNAseq		
SAMN01921176	Zea mays, A239 RNAseq		
SAMN01921175	Zea mays, A208 RNAseq		
SAMN01921174	Zea mays, A188 RNAseq		
SAMN01921173	Zea mays, A171 RNAseq		
SAMN01921172	Zea mays, A155 RNAseq		
SAMN01921171	Zea mays, A15 RNAseq		
SAMN01921170	Zea mays, A12 RNAseq		
SAMN01921169	Zea mays, A RNAseq		
SAMN01921168	Zea mays, 80-2 RNAseq		
SAMN01921167	Zea mays, 4F-35_BK RNAseq		
SAMN01921166	Zea mays, 4578_INBRED RNAseq		
SAMN01921165	Zea mays, 4554_INBRED RNAseq		
SAMN01921164	Zea mays, 38-11 RNAseq		
SAMN01921163	Zea mays, 33-16 RNAseq		
SAMN01921162	Zea mays, 04033V RNAseq		
SAMN01921161	Zea mays, 52220 RNAseq		
SAMN01921160	Zea mays, 4722 RNAseq		
SAMN01921159	Zea mays, 4226 RNAseq		
